bin_left,bin_right,count
0.34774335383929156,1.2783365046355797,6
1.2783365046355797,2.208929655431868,9
2.208929655431868,3.1395228062281557,32
3.1395228062281557,4.070115957024444,47
4.070115957024444,5.000709107820732,53
5.000709107820732,5.93130225861702,37
5.93130225861702,6.861895409413308,10
6.861895409413308,7.792488560209597,6
